AppID, DRM, EULA, Link

317730, Requires agreement to a 3rd-party EULA, REVERSE SIDE  / ОБРАТНАЯ СТОРОНА EULA, http://store.steampowered.com//eula/317730_eula_0
363150, Requires agreement to a 3rd-party EULA, Romance of the Three Kingdoms 13 / 三國志13 EULA, http://store.steampowered.com//eula/363150_eula_0
364360, Requires agreement to a 3rd-party EULA, Total War™: WARHAMMER® EULA, http://store.steampowered.com//eula/364360_eula_0
369460, Requires agreement to a 3rd-party EULA, Professor Why™: The Quantum Eye EULA, http://store.steampowered.com//eula/369460_eula_0
378790, Requires agreement to a 3rd-party EULA, 神楽道中記(KaguraDouchuuki) EULA, http://store.steampowered.com//eula/378790_eula_0
381640, Requires agreement to a 3rd-party EULA, Allods Online / Аллоды Онлайн EULA, http://store.steampowered.com//eula/381640_eula_0
382940, Requires agreement to a 3rd-party EULA, HITMAN™ EULA, http://store.steampowered.com//eula/236870_eula_0
390340, Requires agreement to a 3rd-party EULA, Umbrella Corps™/Biohazard Umbrella Corps™ EULA, http://store.steampowered.com//eula/390340_eula_0
393750, Requires agreement to a 3rd-party EULA, P·O·L·L·E·N EULA, http://store.steampowered.com//eula/393750_eula_0
438640, Requires agreement to a 3rd-party EULA, LEGO® STAR WARS™: The Force Awakens EULA, http://store.steampowered.com//eula/438640_eula_0
449210, Requires agreement to a 3rd-party EULA, Verdict Guilty - 유죄 평결 EULA, http://store.steampowered.com//eula/449210_eula_0
